{
  "": {
    "swift-dependencies": "/Users/isoftstone/Desktop/HttpServer/PerfectTemplate/.build/debug/PerfectTemplate.build/master.swiftdeps"
  },
  "/Users/isoftstone/Desktop/HttpServer/PerfectTemplate/Sources/arguments.swift": {
    "dependencies": "/Users/isoftstone/Desktop/HttpServer/PerfectTemplate/.build/debug/PerfectTemplate.build/arguments.d",
    "object": "/Users/isoftstone/Desktop/HttpServer/PerfectTemplate/.build/debug/PerfectTemplate.build/arguments.swift.o",
    "swiftmodule": "/Users/isoftstone/Desktop/HttpServer/PerfectTemplate/.build/debug/PerfectTemplate.build/arguments~partial.swiftmodule",
    "swift-dependencies": "/Users/isoftstone/Desktop/HttpServer/PerfectTemplate/.build/debug/PerfectTemplate.build/arguments.swiftdeps"
  },
  "/Users/isoftstone/Desktop/HttpServer/PerfectTemplate/Sources/DataBaseOperator.swift": {
    "dependencies": "/Users/isoftstone/Desktop/HttpServer/PerfectTemplate/.build/debug/PerfectTemplate.build/DataBaseOperator.d",
    "object": "/Users/isoftstone/Desktop/HttpServer/PerfectTemplate/.build/debug/PerfectTemplate.build/DataBaseOperator.swift.o",
    "swiftmodule": "/Users/isoftstone/Desktop/HttpServer/PerfectTemplate/.build/debug/PerfectTemplate.build/DataBaseOperator~partial.swiftmodule",
    "swift-dependencies": "/Users/isoftstone/Desktop/HttpServer/PerfectTemplate/.build/debug/PerfectTemplate.build/DataBaseOperator.swiftdeps"
  },
  "/Users/isoftstone/Desktop/HttpServer/PerfectTemplate/Sources/main.swift": {
    "dependencies": "/Users/isoftstone/Desktop/HttpServer/PerfectTemplate/.build/debug/PerfectTemplate.build/main.d",
    "object": "/Users/isoftstone/Desktop/HttpServer/PerfectTemplate/.build/debug/PerfectTemplate.build/main.swift.o",
    "swiftmodule": "/Users/isoftstone/Desktop/HttpServer/PerfectTemplate/.build/debug/PerfectTemplate.build/main~partial.swiftmodule",
    "swift-dependencies": "/Users/isoftstone/Desktop/HttpServer/PerfectTemplate/.build/debug/PerfectTemplate.build/main.swiftdeps"
  },
  "/Users/isoftstone/Desktop/HttpServer/PerfectTemplate/Sources/MustacheHandler.swift": {
    "dependencies": "/Users/isoftstone/Desktop/HttpServer/PerfectTemplate/.build/debug/PerfectTemplate.build/MustacheHandler.d",
    "object": "/Users/isoftstone/Desktop/HttpServer/PerfectTemplate/.build/debug/PerfectTemplate.build/MustacheHandler.swift.o",
    "swiftmodule": "/Users/isoftstone/Desktop/HttpServer/PerfectTemplate/.build/debug/PerfectTemplate.build/MustacheHandler~partial.swiftmodule",
    "swift-dependencies": "/Users/isoftstone/Desktop/HttpServer/PerfectTemplate/.build/debug/PerfectTemplate.build/MustacheHandler.swiftdeps"
  },
  "/Users/isoftstone/Desktop/HttpServer/PerfectTemplate/Sources/PerfectNoteOperator.swift": {
    "dependencies": "/Users/isoftstone/Desktop/HttpServer/PerfectTemplate/.build/debug/PerfectTemplate.build/PerfectNoteOperator.d",
    "object": "/Users/isoftstone/Desktop/HttpServer/PerfectTemplate/.build/debug/PerfectTemplate.build/PerfectNoteOperator.swift.o",
    "swiftmodule": "/Users/isoftstone/Desktop/HttpServer/PerfectTemplate/.build/debug/PerfectTemplate.build/PerfectNoteOperator~partial.swiftmodule",
    "swift-dependencies": "/Users/isoftstone/Desktop/HttpServer/PerfectTemplate/.build/debug/PerfectTemplate.build/PerfectNoteOperator.swiftdeps"
  }
}
