{
  "": {
    "swift-dependencies": "/Users/isoftstone/Desktop/HttpServer/PerfectTemplate/.build/debug/PerfectRequestLogger.build/master.swiftdeps"
  },
  "/Users/isoftstone/Desktop/HttpServer/PerfectTemplate/Packages/PerfectRequestLogger-0.2.0/Sources/PerfectRequestLogger.swift": {
    "dependencies": "/Users/isoftstone/Desktop/HttpServer/PerfectTemplate/.build/debug/PerfectRequestLogger.build/PerfectRequestLogger.d",
    "object": "/Users/isoftstone/Desktop/HttpServer/PerfectTemplate/.build/debug/PerfectRequestLogger.build/PerfectRequestLogger.swift.o",
    "swiftmodule": "/Users/isoftstone/Desktop/HttpServer/PerfectTemplate/.build/debug/PerfectRequestLogger.build/PerfectRequestLogger~partial.swiftmodule",
    "swift-dependencies": "/Users/isoftstone/Desktop/HttpServer/PerfectTemplate/.build/debug/PerfectRequestLogger.build/PerfectRequestLogger.swiftdeps"
  }
}
