{
  "": {
    "swift-dependencies": "/Users/isoftstone/Desktop/HttpServer/PerfectTemplate/.build/debug/PerfectHTTP.build/master.swiftdeps"
  },
  "/Users/isoftstone/Desktop/HttpServer/PerfectTemplate/Packages/PerfectHTTP-2.0.7/Sources/HTTPFilter.swift": {
    "dependencies": "/Users/isoftstone/Desktop/HttpServer/PerfectTemplate/.build/debug/PerfectHTTP.build/HTTPFilter.d",
    "object": "/Users/isoftstone/Desktop/HttpServer/PerfectTemplate/.build/debug/PerfectHTTP.build/HTTPFilter.swift.o",
    "swiftmodule": "/Users/isoftstone/Desktop/HttpServer/PerfectTemplate/.build/debug/PerfectHTTP.build/HTTPFilter~partial.swiftmodule",
    "swift-dependencies": "/Users/isoftstone/Desktop/HttpServer/PerfectTemplate/.build/debug/PerfectHTTP.build/HTTPFilter.swiftdeps"
  },
  "/Users/isoftstone/Desktop/HttpServer/PerfectTemplate/Packages/PerfectHTTP-2.0.7/Sources/HTTPHeaders.swift": {
    "dependencies": "/Users/isoftstone/Desktop/HttpServer/PerfectTemplate/.build/debug/PerfectHTTP.build/HTTPHeaders.d",
    "object": "/Users/isoftstone/Desktop/HttpServer/PerfectTemplate/.build/debug/PerfectHTTP.build/HTTPHeaders.swift.o",
    "swiftmodule": "/Users/isoftstone/Desktop/HttpServer/PerfectTemplate/.build/debug/PerfectHTTP.build/HTTPHeaders~partial.swiftmodule",
    "swift-dependencies": "/Users/isoftstone/Desktop/HttpServer/PerfectTemplate/.build/debug/PerfectHTTP.build/HTTPHeaders.swiftdeps"
  },
  "/Users/isoftstone/Desktop/HttpServer/PerfectTemplate/Packages/PerfectHTTP-2.0.7/Sources/HTTPMethod.swift": {
    "dependencies": "/Users/isoftstone/Desktop/HttpServer/PerfectTemplate/.build/debug/PerfectHTTP.build/HTTPMethod.d",
    "object": "/Users/isoftstone/Desktop/HttpServer/PerfectTemplate/.build/debug/PerfectHTTP.build/HTTPMethod.swift.o",
    "swiftmodule": "/Users/isoftstone/Desktop/HttpServer/PerfectTemplate/.build/debug/PerfectHTTP.build/HTTPMethod~partial.swiftmodule",
    "swift-dependencies": "/Users/isoftstone/Desktop/HttpServer/PerfectTemplate/.build/debug/PerfectHTTP.build/HTTPMethod.swiftdeps"
  },
  "/Users/isoftstone/Desktop/HttpServer/PerfectTemplate/Packages/PerfectHTTP-2.0.7/Sources/HTTPRequest.swift": {
    "dependencies": "/Users/isoftstone/Desktop/HttpServer/PerfectTemplate/.build/debug/PerfectHTTP.build/HTTPRequest.d",
    "object": "/Users/isoftstone/Desktop/HttpServer/PerfectTemplate/.build/debug/PerfectHTTP.build/HTTPRequest.swift.o",
    "swiftmodule": "/Users/isoftstone/Desktop/HttpServer/PerfectTemplate/.build/debug/PerfectHTTP.build/HTTPRequest~partial.swiftmodule",
    "swift-dependencies": "/Users/isoftstone/Desktop/HttpServer/PerfectTemplate/.build/debug/PerfectHTTP.build/HTTPRequest.swiftdeps"
  },
  "/Users/isoftstone/Desktop/HttpServer/PerfectTemplate/Packages/PerfectHTTP-2.0.7/Sources/HTTPResponse.swift": {
    "dependencies": "/Users/isoftstone/Desktop/HttpServer/PerfectTemplate/.build/debug/PerfectHTTP.build/HTTPResponse.d",
    "object": "/Users/isoftstone/Desktop/HttpServer/PerfectTemplate/.build/debug/PerfectHTTP.build/HTTPResponse.swift.o",
    "swiftmodule": "/Users/isoftstone/Desktop/HttpServer/PerfectTemplate/.build/debug/PerfectHTTP.build/HTTPResponse~partial.swiftmodule",
    "swift-dependencies": "/Users/isoftstone/Desktop/HttpServer/PerfectTemplate/.build/debug/PerfectHTTP.build/HTTPResponse.swiftdeps"
  },
  "/Users/isoftstone/Desktop/HttpServer/PerfectTemplate/Packages/PerfectHTTP-2.0.7/Sources/MimeReader.swift": {
    "dependencies": "/Users/isoftstone/Desktop/HttpServer/PerfectTemplate/.build/debug/PerfectHTTP.build/MimeReader.d",
    "object": "/Users/isoftstone/Desktop/HttpServer/PerfectTemplate/.build/debug/PerfectHTTP.build/MimeReader.swift.o",
    "swiftmodule": "/Users/isoftstone/Desktop/HttpServer/PerfectTemplate/.build/debug/PerfectHTTP.build/MimeReader~partial.swiftmodule",
    "swift-dependencies": "/Users/isoftstone/Desktop/HttpServer/PerfectTemplate/.build/debug/PerfectHTTP.build/MimeReader.swiftdeps"
  },
  "/Users/isoftstone/Desktop/HttpServer/PerfectTemplate/Packages/PerfectHTTP-2.0.7/Sources/MimeType.swift": {
    "dependencies": "/Users/isoftstone/Desktop/HttpServer/PerfectTemplate/.build/debug/PerfectHTTP.build/MimeType.d",
    "object": "/Users/isoftstone/Desktop/HttpServer/PerfectTemplate/.build/debug/PerfectHTTP.build/MimeType.swift.o",
    "swiftmodule": "/Users/isoftstone/Desktop/HttpServer/PerfectTemplate/.build/debug/PerfectHTTP.build/MimeType~partial.swiftmodule",
    "swift-dependencies": "/Users/isoftstone/Desktop/HttpServer/PerfectTemplate/.build/debug/PerfectHTTP.build/MimeType.swiftdeps"
  },
  "/Users/isoftstone/Desktop/HttpServer/PerfectTemplate/Packages/PerfectHTTP-2.0.7/Sources/Routing.swift": {
    "dependencies": "/Users/isoftstone/Desktop/HttpServer/PerfectTemplate/.build/debug/PerfectHTTP.build/Routing.d",
    "object": "/Users/isoftstone/Desktop/HttpServer/PerfectTemplate/.build/debug/PerfectHTTP.build/Routing.swift.o",
    "swiftmodule": "/Users/isoftstone/Desktop/HttpServer/PerfectTemplate/.build/debug/PerfectHTTP.build/Routing~partial.swiftmodule",
    "swift-dependencies": "/Users/isoftstone/Desktop/HttpServer/PerfectTemplate/.build/debug/PerfectHTTP.build/Routing.swiftdeps"
  },
  "/Users/isoftstone/Desktop/HttpServer/PerfectTemplate/Packages/PerfectHTTP-2.0.7/Sources/StaticFileHandler.swift": {
    "dependencies": "/Users/isoftstone/Desktop/HttpServer/PerfectTemplate/.build/debug/PerfectHTTP.build/StaticFileHandler.d",
    "object": "/Users/isoftstone/Desktop/HttpServer/PerfectTemplate/.build/debug/PerfectHTTP.build/StaticFileHandler.swift.o",
    "swiftmodule": "/Users/isoftstone/Desktop/HttpServer/PerfectTemplate/.build/debug/PerfectHTTP.build/StaticFileHandler~partial.swiftmodule",
    "swift-dependencies": "/Users/isoftstone/Desktop/HttpServer/PerfectTemplate/.build/debug/PerfectHTTP.build/StaticFileHandler.swiftdeps"
  }
}
