{
  "": {
    "swift-dependencies": "/Users/isoftstone/Desktop/HttpServer/PerfectTemplate/.build/debug/PerfectLogger.build/master.swiftdeps"
  },
  "/Users/isoftstone/Desktop/HttpServer/PerfectTemplate/Packages/PerfectLogger-0.0.7/Sources/Perfect_Logger.swift": {
    "dependencies": "/Users/isoftstone/Desktop/HttpServer/PerfectTemplate/.build/debug/PerfectLogger.build/Perfect_Logger.d",
    "object": "/Users/isoftstone/Desktop/HttpServer/PerfectTemplate/.build/debug/PerfectLogger.build/Perfect_Logger.swift.o",
    "swiftmodule": "/Users/isoftstone/Desktop/HttpServer/PerfectTemplate/.build/debug/PerfectLogger.build/Perfect_Logger~partial.swiftmodule",
    "swift-dependencies": "/Users/isoftstone/Desktop/HttpServer/PerfectTemplate/.build/debug/PerfectLogger.build/Perfect_Logger.swiftdeps"
  }
}
